province,age_group,sex,population,age_category
Barcelona,0 years,males,26526.0,underage
Barcelona,0 years,females,24651.0,underage
Barcelona,0 years,total,51177.0,underage
Barcelona,1 year,males,26982.0,underage
Barcelona,1 year,females,25721.0,underage
Barcelona,1 year,total,52703.0,underage
Barcelona,2 years,males,28874.0,underage
Barcelona,2 years,females,27230.0,underage
Barcelona,2 years,total,56104.0,underage
Barcelona,3 years,males,30072.0,underage
Barcelona,3 years,females,28520.0,underage
Barcelona,3 years,total,58592.0,underage
Barcelona,4 years,males,31031.0,underage
Barcelona,4 years,females,28866.0,underage
Barcelona,4 years,total,59897.0,underage
Barcelona,5 years,males,31309.0,underage
Barcelona,5 years,females,29183.0,underage
Barcelona,5 years,total,60492.0,underage
Barcelona,6 years,males,32668.0,underage
Barcelona,6 years,females,30731.0,underage
Barcelona,6 years,total,63399.0,underage
Barcelona,7 years,males,31366.0,underage
Barcelona,7 years,females,29577.0,underage
Barcelona,7 years,total,60943.0,underage
Barcelona,8 years,males,31115.0,underage
Barcelona,8 years,females,29447.0,underage
Barcelona,8 years,total,60562.0,underage
Barcelona,9 years,males,30776.0,underage
Barcelona,9 years,females,28939.0,underage
Barcelona,9 years,total,59715.0,underage
Barcelona,10 years,males,30112.0,underage
Barcelona,10 years,females,28704.0,underage
Barcelona,10 years,total,58816.0,underage
Barcelona,11 years,males,29418.0,underage
Barcelona,11 years,females,27605.0,underage
Barcelona,11 years,total,57023.0,underage
Barcelona,12 years,males,28128.0,underage
Barcelona,12 years,females,26693.0,underage
Barcelona,12 years,total,54821.0,underage
Barcelona,13 years,males,27434.0,underage
Barcelona,13 years,females,26071.0,underage
Barcelona,13 years,total,53505.0,underage
Barcelona,14 years,males,27609.0,underage
Barcelona,14 years,females,26148.0,underage
Barcelona,14 years,total,53757.0,underage
Barcelona,15 years,males,26720.0,underage
Barcelona,15 years,females,25342.0,underage
Barcelona,15 years,total,52062.0,underage
Barcelona,16 years,males,25864.0,underage
Barcelona,16 years,females,23704.0,underage
Barcelona,16 years,total,49568.0,underage
Barcelona,17 years,males,26052.0,underage
Barcelona,17 years,females,24106.0,underage
Barcelona,17 years,total,50158.0,underage
Barcelona,18 years,males,25822.0,young
Barcelona,18 years,females,23444.0,young
Barcelona,18 years,total,49266.0,young
Barcelona,19 years,males,25420.0,young
Barcelona,19 years,females,23941.0,young
Barcelona,19 years,total,49361.0,young
Barcelona,20 years,males,25788.0,young
Barcelona,20 years,females,24218.0,young
Barcelona,20 years,total,50006.0,young
Barcelona,21 years,males,26438.0,young
Barcelona,21 years,females,25192.0,young
Barcelona,21 years,total,51630.0,young
Barcelona,22 years,males,27223.0,young
Barcelona,22 years,females,26103.0,young
Barcelona,22 years,total,53326.0,young
Barcelona,23 years,males,27201.0,young
Barcelona,23 years,females,26534.0,young
Barcelona,23 years,total,53735.0,young
Barcelona,24 years,males,27925.0,young
Barcelona,24 years,females,27351.0,young
Barcelona,24 years,total,55276.0,young
Barcelona,25 years,males,28961.0,young
Barcelona,25 years,females,28821.0,young
Barcelona,25 years,total,57782.0,young
Barcelona,26 years,males,29601.0,young
Barcelona,26 years,females,30126.0,young
Barcelona,26 years,total,59727.0,young
Barcelona,27 years,males,30490.0,young
Barcelona,27 years,females,31111.0,young
Barcelona,27 years,total,61601.0,young
Barcelona,28 years,males,31882.0,young
Barcelona,28 years,females,32910.0,young
Barcelona,28 years,total,64792.0,young
Barcelona,29 years,males,33926.0,young
Barcelona,29 years,females,34579.0,young
Barcelona,29 years,total,68505.0,young
Barcelona,30 years,males,35008.0,young
Barcelona,30 years,females,36332.0,young
Barcelona,30 years,total,71340.0,young
Barcelona,31 years,males,37225.0,middle
Barcelona,31 years,females,37701.0,middle
Barcelona,31 years,total,74926.0,middle
Barcelona,32 years,males,40096.0,middle
Barcelona,32 years,females,40202.0,middle
Barcelona,32 years,total,80298.0,middle
Barcelona,33 years,males,42544.0,middle
Barcelona,33 years,females,41858.0,middle
Barcelona,33 years,total,84402.0,middle
Barcelona,34 years,males,44735.0,middle
Barcelona,34 years,females,44003.0,middle
Barcelona,34 years,total,88738.0,middle
Barcelona,35 years,males,46913.0,middle
Barcelona,35 years,females,45478.0,middle
Barcelona,35 years,total,92391.0,middle
Barcelona,36 years,males,50021.0,middle
Barcelona,36 years,females,47954.0,middle
Barcelona,36 years,total,97975.0,middle
Barcelona,37 years,males,51178.0,middle
Barcelona,37 years,females,48955.0,middle
Barcelona,37 years,total,100133.0,middle
Barcelona,38 years,males,52081.0,middle
Barcelona,38 years,females,49647.0,middle
Barcelona,38 years,total,101728.0,middle
Barcelona,39 years,males,52718.0,middle
Barcelona,39 years,females,49891.0,middle
Barcelona,39 years,total,102609.0,middle
Barcelona,40 years,males,52172.0,middle
Barcelona,40 years,females,48971.0,middle
Barcelona,40 years,total,101143.0,middle
Barcelona,41 years,males,50173.0,middle
Barcelona,41 years,females,47634.0,middle
Barcelona,41 years,total,97807.0,middle
Barcelona,42 years,males,49158.0,middle
Barcelona,42 years,females,47052.0,middle
Barcelona,42 years,total,96210.0,middle
Barcelona,43 years,males,47873.0,middle
Barcelona,43 years,females,45538.0,middle
Barcelona,43 years,total,93411.0,middle
Barcelona,44 years,males,46707.0,middle
Barcelona,44 years,females,44847.0,middle
Barcelona,44 years,total,91554.0,middle
Barcelona,45 years,males,44808.0,middle
Barcelona,45 years,females,43226.0,middle
Barcelona,45 years,total,88034.0,middle
Barcelona,46 years,males,44117.0,middle
Barcelona,46 years,females,42677.0,middle
Barcelona,46 years,total,86794.0,middle
Barcelona,47 years,males,43857.0,middle
Barcelona,47 years,females,43002.0,middle
Barcelona,47 years,total,86859.0,middle
Barcelona,48 years,males,42664.0,middle
Barcelona,48 years,females,42008.0,middle
Barcelona,48 years,total,84672.0,middle
Barcelona,49 years,males,41582.0,middle
Barcelona,49 years,females,41656.0,middle
Barcelona,49 years,total,83238.0,middle
Barcelona,50 years,males,41818.0,middle
Barcelona,50 years,females,41571.0,middle
Barcelona,50 years,total,83389.0,middle
Barcelona,51 years,males,38427.0,middle
Barcelona,51 years,females,39583.0,middle
Barcelona,51 years,total,78010.0,middle
Barcelona,52 years,males,37296.0,middle
Barcelona,52 years,females,38076.0,middle
Barcelona,52 years,total,75372.0,middle
Barcelona,53 years,males,35450.0,middle
Barcelona,53 years,females,37462.0,middle
Barcelona,53 years,total,72912.0,middle
Barcelona,54 years,males,35649.0,middle
Barcelona,54 years,females,37579.0,middle
Barcelona,54 years,total,73228.0,middle
Barcelona,55 years,males,34705.0,middle
Barcelona,55 years,females,37267.0,middle
Barcelona,55 years,total,71972.0,middle
Barcelona,56 years,males,34440.0,middle
Barcelona,56 years,females,36946.0,middle
Barcelona,56 years,total,71386.0,middle
Barcelona,57 years,males,33193.0,middle
Barcelona,57 years,females,36002.0,middle
Barcelona,57 years,total,69195.0,middle
Barcelona,58 years,males,31359.0,middle
Barcelona,58 years,females,33816.0,middle
Barcelona,58 years,total,65175.0,middle
Barcelona,59 years,males,30364.0,middle
Barcelona,59 years,females,33001.0,middle
Barcelona,59 years,total,63365.0,middle
Barcelona,60 years,males,29228.0,middle
Barcelona,60 years,females,32145.0,middle
Barcelona,60 years,total,61373.0,middle
Barcelona,61 years,males,29216.0,middle
Barcelona,61 years,females,32156.0,middle
Barcelona,61 years,total,61372.0,middle
Barcelona,62 years,males,29024.0,middle
Barcelona,62 years,females,32079.0,middle
Barcelona,62 years,total,61103.0,middle
Barcelona,63 years,males,27034.0,middle
Barcelona,63 years,females,30308.0,middle
Barcelona,63 years,total,57342.0,middle
Barcelona,64 years,males,26034.0,middle
Barcelona,64 years,females,29395.0,middle
Barcelona,64 years,total,55429.0,middle
Barcelona,65 years,males,27678.0,retired
Barcelona,65 years,females,31029.0,retired
Barcelona,65 years,total,58707.0,retired
Barcelona,66 years,males,28594.0,retired
Barcelona,66 years,females,33062.0,retired
Barcelona,66 years,total,61656.0,retired
Barcelona,67 years,males,26074.0,retired
Barcelona,67 years,females,29650.0,retired
Barcelona,67 years,total,55724.0,retired
Barcelona,68 years,males,23974.0,retired
Barcelona,68 years,females,28003.0,retired
Barcelona,68 years,total,51977.0,retired
Barcelona,69 years,males,25689.0,retired
Barcelona,69 years,females,29722.0,retired
Barcelona,69 years,total,55411.0,retired
Barcelona,70 years,males,23410.0,retired
Barcelona,70 years,females,27966.0,retired
Barcelona,70 years,total,51376.0,retired
Barcelona,71 years,males,22572.0,retired
Barcelona,71 years,females,26994.0,retired
Barcelona,71 years,total,49566.0,retired
Barcelona,72 years,males,19082.0,retired
Barcelona,72 years,females,22594.0,retired
Barcelona,72 years,total,41676.0,retired
Barcelona,73 years,males,17524.0,retired
Barcelona,73 years,females,21245.0,retired
Barcelona,73 years,total,38769.0,retired
Barcelona,74 years,males,22049.0,retired
Barcelona,74 years,females,26356.0,retired
Barcelona,74 years,total,48405.0,retired
Barcelona,75 years,males,12213.0,retired
Barcelona,75 years,females,15395.0,retired
Barcelona,75 years,total,27608.0,retired
Barcelona,76 years,males,14507.0,retired
Barcelona,76 years,females,18554.0,retired
Barcelona,76 years,total,33061.0,retired
Barcelona,77 years,males,16923.0,retired
Barcelona,77 years,females,22241.0,retired
Barcelona,77 years,total,39164.0,retired
Barcelona,78 years,males,16726.0,retired
Barcelona,78 years,females,23538.0,retired
Barcelona,78 years,total,40264.0,retired
Barcelona,79 years,males,15704.0,retired
Barcelona,79 years,females,22055.0,retired
Barcelona,79 years,total,37759.0,retired
Barcelona,80 years,males,14750.0,retired
Barcelona,80 years,females,21143.0,retired
Barcelona,80 years,total,35893.0,retired
Barcelona,81 years,males,14258.0,retired
Barcelona,81 years,females,21403.0,retired
Barcelona,81 years,total,35661.0,retired
Barcelona,82 years,males,13075.0,retired
Barcelona,82 years,females,20531.0,retired
Barcelona,82 years,total,33606.0,retired
Barcelona,83 years,males,11642.0,retired
Barcelona,83 years,females,19129.0,retired
Barcelona,83 years,total,30771.0,retired
Barcelona,84 years,males,10605.0,retired
Barcelona,84 years,females,18267.0,retired
Barcelona,84 years,total,28872.0,retired
Barcelona,85 years,males,9005.0,retired
Barcelona,85 years,females,16013.0,retired
Barcelona,85 years,total,25018.0,retired
Barcelona,86 years,males,7784.0,retired
Barcelona,86 years,females,14805.0,retired
Barcelona,86 years,total,22589.0,retired
Barcelona,87 years,males,6572.0,retired
Barcelona,87 years,females,13303.0,retired
Barcelona,87 years,total,19875.0,retired
Barcelona,88 years,males,5678.0,retired
Barcelona,88 years,females,12316.0,retired
Barcelona,88 years,total,17994.0,retired
Barcelona,89 years,males,4622.0,retired
Barcelona,89 years,females,10446.0,retired
Barcelona,89 years,total,15068.0,retired
Barcelona,90 years,males,3808.0,retired
Barcelona,90 years,females,9043.0,retired
Barcelona,90 years,total,12851.0,retired
Barcelona,91 years,males,2996.0,retired
Barcelona,91 years,females,7449.0,retired
Barcelona,91 years,total,10445.0,retired
Barcelona,92 years,males,2248.0,retired
Barcelona,92 years,females,6391.0,retired
Barcelona,92 years,total,8639.0,retired
Barcelona,93 years,males,1683.0,retired
Barcelona,93 years,females,4774.0,retired
Barcelona,93 years,total,6457.0,retired
Barcelona,94 years,males,1130.0,retired
Barcelona,94 years,females,3731.0,retired
Barcelona,94 years,total,4861.0,retired
Barcelona,95 years,males,659.0,retired
Barcelona,95 years,females,2602.0,retired
Barcelona,95 years,total,3261.0,retired
Barcelona,96 years,males,509.0,retired
Barcelona,96 years,females,1911.0,retired
Barcelona,96 years,total,2420.0,retired
Barcelona,97 years,males,352.0,retired
Barcelona,97 years,females,1409.0,retired
Barcelona,97 years,total,1761.0,retired
Barcelona,98 years,males,234.0,retired
Barcelona,98 years,females,975.0,retired
Barcelona,98 years,total,1209.0,retired
Barcelona,99 years,males,166.0,retired
Barcelona,99 years,females,624.0,retired
Barcelona,99 years,total,790.0,retired
Barcelona,100 years and over,males,265.0,retired
Barcelona,100 years and over,females,1307.0,retired
Barcelona,100 years and over,total,1572.0,retired
Barcelona,total,males,2696360.0,middle
Barcelona,total,females,2827562.0,middle
Barcelona,total,total,5523922.0,middle
Girona,0 years,males,3736.0,underage
Girona,0 years,females,3482.0,underage
Girona,0 years,total,7218.0,underage
Girona,1 year,males,3877.0,underage
Girona,1 year,females,3716.0,underage
Girona,1 year,total,7593.0,underage
Girona,2 years,males,4172.0,underage
Girona,2 years,females,3921.0,underage
Girona,2 years,total,8093.0,underage
Girona,3 years,males,4362.0,underage
Girona,3 years,females,4152.0,underage
Girona,3 years,total,8514.0,underage
Girona,4 years,males,4587.0,underage
Girona,4 years,females,4385.0,underage
Girona,4 years,total,8972.0,underage
Girona,5 years,males,4743.0,underage
Girona,5 years,females,4267.0,underage
Girona,5 years,total,9010.0,underage
Girona,6 years,males,4741.0,underage
Girona,6 years,females,4630.0,underage
Girona,6 years,total,9371.0,underage
Girona,7 years,males,4606.0,underage
Girona,7 years,females,4152.0,underage
Girona,7 years,total,8758.0,underage
Girona,8 years,males,4531.0,underage
Girona,8 years,females,4306.0,underage
Girona,8 years,total,8837.0,underage
Girona,9 years,males,4324.0,underage
Girona,9 years,females,4092.0,underage
Girona,9 years,total,8416.0,underage
Girona,10 years,males,4266.0,underage
Girona,10 years,females,4159.0,underage
Girona,10 years,total,8425.0,underage
Girona,11 years,males,4187.0,underage
Girona,11 years,females,4020.0,underage
Girona,11 years,total,8207.0,underage
Girona,12 years,males,3999.0,underage
Girona,12 years,females,3594.0,underage
Girona,12 years,total,7593.0,underage
Girona,13 years,males,3852.0,underage
Girona,13 years,females,3748.0,underage
Girona,13 years,total,7600.0,underage
Girona,14 years,males,3960.0,underage
Girona,14 years,females,3782.0,underage
Girona,14 years,total,7742.0,underage
Girona,15 years,males,3828.0,underage
Girona,15 years,females,3516.0,underage
Girona,15 years,total,7344.0,underage
Girona,16 years,males,3788.0,underage
Girona,16 years,females,3480.0,underage
Girona,16 years,total,7268.0,underage
Girona,17 years,males,3808.0,underage
Girona,17 years,females,3519.0,underage
Girona,17 years,total,7327.0,underage
Girona,18 years,males,3816.0,young
Girona,18 years,females,3453.0,young
Girona,18 years,total,7269.0,young
Girona,19 years,males,3756.0,young
Girona,19 years,females,3381.0,young
Girona,19 years,total,7137.0,young
Girona,20 years,males,3860.0,young
Girona,20 years,females,3577.0,young
Girona,20 years,total,7437.0,young
Girona,21 years,males,3959.0,young
Girona,21 years,females,3528.0,young
Girona,21 years,total,7487.0,young
Girona,22 years,males,3908.0,young
Girona,22 years,females,3775.0,young
Girona,22 years,total,7683.0,young
Girona,23 years,males,3968.0,young
Girona,23 years,females,3817.0,young
Girona,23 years,total,7785.0,young
Girona,24 years,males,4031.0,young
Girona,24 years,females,3893.0,young
Girona,24 years,total,7924.0,young
Girona,25 years,males,3948.0,young
Girona,25 years,females,4073.0,young
Girona,25 years,total,8021.0,young
Girona,26 years,males,4074.0,young
Girona,26 years,females,4181.0,young
Girona,26 years,total,8255.0,young
Girona,27 years,males,4260.0,young
Girona,27 years,females,4242.0,young
Girona,27 years,total,8502.0,young
Girona,28 years,males,4256.0,young
Girona,28 years,females,4449.0,young
Girona,28 years,total,8705.0,young
Girona,29 years,males,4584.0,young
Girona,29 years,females,4650.0,young
Girona,29 years,total,9234.0,young
Girona,30 years,males,4846.0,young
Girona,30 years,females,4777.0,young
Girona,30 years,total,9623.0,young
Girona,31 years,males,4948.0,middle
Girona,31 years,females,5029.0,middle
Girona,31 years,total,9977.0,middle
Girona,32 years,males,5338.0,middle
Girona,32 years,females,5305.0,middle
Girona,32 years,total,10643.0,middle
Girona,33 years,males,5841.0,middle
Girona,33 years,females,5590.0,middle
Girona,33 years,total,11431.0,middle
Girona,34 years,males,6264.0,middle
Girona,34 years,females,6111.0,middle
Girona,34 years,total,12375.0,middle
Girona,35 years,males,6498.0,middle
Girona,35 years,females,6158.0,middle
Girona,35 years,total,12656.0,middle
Girona,36 years,males,6917.0,middle
Girona,36 years,females,6426.0,middle
Girona,36 years,total,13343.0,middle
Girona,37 years,males,7078.0,middle
Girona,37 years,females,6420.0,middle
Girona,37 years,total,13498.0,middle
Girona,38 years,males,7046.0,middle
Girona,38 years,females,6359.0,middle
Girona,38 years,total,13405.0,middle
Girona,39 years,males,6971.0,middle
Girona,39 years,females,6334.0,middle
Girona,39 years,total,13305.0,middle
Girona,40 years,males,6839.0,middle
Girona,40 years,females,6345.0,middle
Girona,40 years,total,13184.0,middle
Girona,41 years,males,6729.0,middle
Girona,41 years,females,6107.0,middle
Girona,41 years,total,12836.0,middle
Girona,42 years,males,6679.0,middle
Girona,42 years,females,6033.0,middle
Girona,42 years,total,12712.0,middle
Girona,43 years,males,6466.0,middle
Girona,43 years,females,5909.0,middle
Girona,43 years,total,12375.0,middle
Girona,44 years,males,6426.0,middle
Girona,44 years,females,5764.0,middle
Girona,44 years,total,12190.0,middle
Girona,45 years,males,6147.0,middle
Girona,45 years,females,5777.0,middle
Girona,45 years,total,11924.0,middle
Girona,46 years,males,6107.0,middle
Girona,46 years,females,5645.0,middle
Girona,46 years,total,11752.0,middle
Girona,47 years,males,5998.0,middle
Girona,47 years,females,5721.0,middle
Girona,47 years,total,11719.0,middle
Girona,48 years,males,5998.0,middle
Girona,48 years,females,5464.0,middle
Girona,48 years,total,11462.0,middle
Girona,49 years,males,5947.0,middle
Girona,49 years,females,5459.0,middle
Girona,49 years,total,11406.0,middle
Girona,50 years,males,5945.0,middle
Girona,50 years,females,5651.0,middle
Girona,50 years,total,11596.0,middle
Girona,51 years,males,5532.0,middle
Girona,51 years,females,5276.0,middle
Girona,51 years,total,10808.0,middle
Girona,52 years,males,5448.0,middle
Girona,52 years,females,5262.0,middle
Girona,52 years,total,10710.0,middle
Girona,53 years,males,5334.0,middle
Girona,53 years,females,4972.0,middle
Girona,53 years,total,10306.0,middle
Girona,54 years,males,5254.0,middle
Girona,54 years,females,5079.0,middle
Girona,54 years,total,10333.0,middle
Girona,55 years,males,5053.0,middle
Girona,55 years,females,4990.0,middle
Girona,55 years,total,10043.0,middle
Girona,56 years,males,4939.0,middle
Girona,56 years,females,4898.0,middle
Girona,56 years,total,9837.0,middle
Girona,57 years,males,4750.0,middle
Girona,57 years,females,4764.0,middle
Girona,57 years,total,9514.0,middle
Girona,58 years,males,4455.0,middle
Girona,58 years,females,4561.0,middle
Girona,58 years,total,9016.0,middle
Girona,59 years,males,4501.0,middle
Girona,59 years,females,4354.0,middle
Girona,59 years,total,8855.0,middle
Girona,60 years,males,4326.0,middle
Girona,60 years,females,4276.0,middle
Girona,60 years,total,8602.0,middle
Girona,61 years,males,4182.0,middle
Girona,61 years,females,4067.0,middle
Girona,61 years,total,8249.0,middle
Girona,62 years,males,4176.0,middle
Girona,62 years,females,4108.0,middle
Girona,62 years,total,8284.0,middle
Girona,63 years,males,3797.0,middle
Girona,63 years,females,3871.0,middle
Girona,63 years,total,7668.0,middle
Girona,64 years,males,3649.0,middle
Girona,64 years,females,3860.0,middle
Girona,64 years,total,7509.0,middle
Girona,65 years,males,3633.0,retired
Girona,65 years,females,3720.0,retired
Girona,65 years,total,7353.0,retired
Girona,66 years,males,3993.0,retired
Girona,66 years,females,4059.0,retired
Girona,66 years,total,8052.0,retired
Girona,67 years,males,3493.0,retired
Girona,67 years,females,3784.0,retired
Girona,67 years,total,7277.0,retired
Girona,68 years,males,3307.0,retired
Girona,68 years,females,3428.0,retired
Girona,68 years,total,6735.0,retired
Girona,69 years,males,3307.0,retired
Girona,69 years,females,3388.0,retired
Girona,69 years,total,6695.0,retired
Girona,70 years,males,3063.0,retired
Girona,70 years,females,3276.0,retired
Girona,70 years,total,6339.0,retired
Girona,71 years,males,2922.0,retired
Girona,71 years,females,3110.0,retired
Girona,71 years,total,6032.0,retired
Girona,72 years,males,2547.0,retired
Girona,72 years,females,2754.0,retired
Girona,72 years,total,5301.0,retired
Girona,73 years,males,2331.0,retired
Girona,73 years,females,2651.0,retired
Girona,73 years,total,4982.0,retired
Girona,74 years,males,2792.0,retired
Girona,74 years,females,3136.0,retired
Girona,74 years,total,5928.0,retired
Girona,75 years,males,1497.0,retired
Girona,75 years,females,1695.0,retired
Girona,75 years,total,3192.0,retired
Girona,76 years,males,1741.0,retired
Girona,76 years,females,2184.0,retired
Girona,76 years,total,3925.0,retired
Girona,77 years,males,2208.0,retired
Girona,77 years,females,2673.0,retired
Girona,77 years,total,4881.0,retired
Girona,78 years,males,2276.0,retired
Girona,78 years,females,2810.0,retired
Girona,78 years,total,5086.0,retired
Girona,79 years,males,2049.0,retired
Girona,79 years,females,2701.0,retired
Girona,79 years,total,4750.0,retired
Girona,80 years,males,1956.0,retired
Girona,80 years,females,2632.0,retired
Girona,80 years,total,4588.0,retired
Girona,81 years,males,1901.0,retired
Girona,81 years,females,2590.0,retired
Girona,81 years,total,4491.0,retired
Girona,82 years,males,1766.0,retired
Girona,82 years,females,2573.0,retired
Girona,82 years,total,4339.0,retired
Girona,83 years,males,1599.0,retired
Girona,83 years,females,2353.0,retired
Girona,83 years,total,3952.0,retired
Girona,84 years,males,1461.0,retired
Girona,84 years,females,2399.0,retired
Girona,84 years,total,3860.0,retired
Girona,85 years,males,1283.0,retired
Girona,85 years,females,2003.0,retired
Girona,85 years,total,3286.0,retired
Girona,86 years,males,1104.0,retired
Girona,86 years,females,1889.0,retired
Girona,86 years,total,2993.0,retired
Girona,87 years,males,973.0,retired
Girona,87 years,females,1682.0,retired
Girona,87 years,total,2655.0,retired
Girona,88 years,males,802.0,retired
Girona,88 years,females,1571.0,retired
Girona,88 years,total,2373.0,retired
Girona,89 years,males,669.0,retired
Girona,89 years,females,1347.0,retired
Girona,89 years,total,2016.0,retired
Girona,90 years,males,559.0,retired
Girona,90 years,females,1083.0,retired
Girona,90 years,total,1642.0,retired
Girona,91 years,males,393.0,retired
Girona,91 years,females,943.0,retired
Girona,91 years,total,1336.0,retired
Girona,92 years,males,351.0,retired
Girona,92 years,females,824.0,retired
Girona,92 years,total,1175.0,retired
Girona,93 years,males,248.0,retired
Girona,93 years,females,644.0,retired
Girona,93 years,total,892.0,retired
Girona,94 years,males,170.0,retired
Girona,94 years,females,486.0,retired
Girona,94 years,total,656.0,retired
Girona,95 years,males,100.0,retired
Girona,95 years,females,322.0,retired
Girona,95 years,total,422.0,retired
Girona,96 years,males,89.0,retired
Girona,96 years,females,232.0,retired
Girona,96 years,total,321.0,retired
Girona,97 years,males,49.0,retired
Girona,97 years,females,162.0,retired
Girona,97 years,total,211.0,retired
Girona,98 years,males,26.0,retired
Girona,98 years,females,111.0,retired
Girona,98 years,total,137.0,retired
Girona,99 years,males,24.0,retired
Girona,99 years,females,89.0,retired
Girona,99 years,total,113.0,retired
Girona,100 years and over,males,43.0,retired
Girona,100 years and over,females,152.0,retired
Girona,100 years and over,total,195.0,retired
Girona,total,males,376936.0,middle
Girona,total,females,376118.0,middle
Girona,total,total,753054.0,middle
Lleida,0 years,males,2130.0,underage
Lleida,0 years,females,2039.0,underage
Lleida,0 years,total,4169.0,underage
Lleida,1 year,males,2139.0,underage
Lleida,1 year,females,2055.0,underage
Lleida,1 year,total,4194.0,underage
Lleida,2 years,males,2227.0,underage
Lleida,2 years,females,2182.0,underage
Lleida,2 years,total,4409.0,underage
Lleida,3 years,males,2392.0,underage
Lleida,3 years,females,2259.0,underage
Lleida,3 years,total,4651.0,underage
Lleida,4 years,males,2495.0,underage
Lleida,4 years,females,2300.0,underage
Lleida,4 years,total,4795.0,underage
Lleida,5 years,males,2592.0,underage
Lleida,5 years,females,2373.0,underage
Lleida,5 years,total,4965.0,underage
Lleida,6 years,males,2565.0,underage
Lleida,6 years,females,2521.0,underage
Lleida,6 years,total,5086.0,underage
Lleida,7 years,males,2377.0,underage
Lleida,7 years,females,2255.0,underage
Lleida,7 years,total,4632.0,underage
Lleida,8 years,males,2369.0,underage
Lleida,8 years,females,2216.0,underage
Lleida,8 years,total,4585.0,underage
Lleida,9 years,males,2273.0,underage
Lleida,9 years,females,2232.0,underage
Lleida,9 years,total,4505.0,underage
Lleida,10 years,males,2223.0,underage
Lleida,10 years,females,2165.0,underage
Lleida,10 years,total,4388.0,underage
Lleida,11 years,males,2208.0,underage
Lleida,11 years,females,2066.0,underage
Lleida,11 years,total,4274.0,underage
Lleida,12 years,males,2116.0,underage
Lleida,12 years,females,1954.0,underage
Lleida,12 years,total,4070.0,underage
Lleida,13 years,males,2134.0,underage
Lleida,13 years,females,2007.0,underage
Lleida,13 years,total,4141.0,underage
Lleida,14 years,males,2095.0,underage
Lleida,14 years,females,1990.0,underage
Lleida,14 years,total,4085.0,underage
Lleida,15 years,males,2082.0,underage
Lleida,15 years,females,1935.0,underage
Lleida,15 years,total,4017.0,underage
Lleida,16 years,males,2013.0,underage
Lleida,16 years,females,1862.0,underage
Lleida,16 years,total,3875.0,underage
Lleida,17 years,males,1975.0,underage
Lleida,17 years,females,1907.0,underage
Lleida,17 years,total,3882.0,underage
Lleida,18 years,males,2061.0,young
Lleida,18 years,females,1884.0,young
Lleida,18 years,total,3945.0,young
Lleida,19 years,males,2155.0,young
Lleida,19 years,females,1891.0,young
Lleida,19 years,total,4046.0,young
Lleida,20 years,males,2126.0,young
Lleida,20 years,females,2042.0,young
Lleida,20 years,total,4168.0,young
Lleida,21 years,males,2128.0,young
Lleida,21 years,females,2158.0,young
Lleida,21 years,total,4286.0,young
Lleida,22 years,males,2326.0,young
Lleida,22 years,females,2144.0,young
Lleida,22 years,total,4470.0,young
Lleida,23 years,males,2289.0,young
Lleida,23 years,females,2155.0,young
Lleida,23 years,total,4444.0,young
Lleida,24 years,males,2334.0,young
Lleida,24 years,females,2221.0,young
Lleida,24 years,total,4555.0,young
Lleida,25 years,males,2369.0,young
Lleida,25 years,females,2332.0,young
Lleida,25 years,total,4701.0,young
Lleida,26 years,males,2523.0,young
Lleida,26 years,females,2493.0,young
Lleida,26 years,total,5016.0,young
Lleida,27 years,males,2507.0,young
Lleida,27 years,females,2459.0,young
Lleida,27 years,total,4966.0,young
Lleida,28 years,males,2530.0,young
Lleida,28 years,females,2535.0,young
Lleida,28 years,total,5065.0,young
Lleida,29 years,males,2721.0,young
Lleida,29 years,females,2516.0,young
Lleida,29 years,total,5237.0,young
Lleida,30 years,males,2908.0,young
Lleida,30 years,females,2616.0,young
Lleida,30 years,total,5524.0,young
Lleida,31 years,males,2988.0,middle
Lleida,31 years,females,2752.0,middle
Lleida,31 years,total,5740.0,middle
Lleida,32 years,males,3140.0,middle
Lleida,32 years,females,2934.0,middle
Lleida,32 years,total,6074.0,middle
Lleida,33 years,males,3441.0,middle
Lleida,33 years,females,3063.0,middle
Lleida,33 years,total,6504.0,middle
Lleida,34 years,males,3610.0,middle
Lleida,34 years,females,3269.0,middle
Lleida,34 years,total,6879.0,middle
Lleida,35 years,males,3766.0,middle
Lleida,35 years,females,3405.0,middle
Lleida,35 years,total,7171.0,middle
Lleida,36 years,males,4065.0,middle
Lleida,36 years,females,3491.0,middle
Lleida,36 years,total,7556.0,middle
Lleida,37 years,males,4202.0,middle
Lleida,37 years,females,3545.0,middle
Lleida,37 years,total,7747.0,middle
Lleida,38 years,males,4229.0,middle
Lleida,38 years,females,3574.0,middle
Lleida,38 years,total,7803.0,middle
Lleida,39 years,males,4098.0,middle
Lleida,39 years,females,3475.0,middle
Lleida,39 years,total,7573.0,middle
Lleida,40 years,males,4065.0,middle
Lleida,40 years,females,3540.0,middle
Lleida,40 years,total,7605.0,middle
Lleida,41 years,males,3954.0,middle
Lleida,41 years,females,3377.0,middle
Lleida,41 years,total,7331.0,middle
Lleida,42 years,males,3923.0,middle
Lleida,42 years,females,3346.0,middle
Lleida,42 years,total,7269.0,middle
Lleida,43 years,males,3781.0,middle
Lleida,43 years,females,3143.0,middle
Lleida,43 years,total,6924.0,middle
Lleida,44 years,males,3759.0,middle
Lleida,44 years,females,3320.0,middle
Lleida,44 years,total,7079.0,middle
Lleida,45 years,males,3668.0,middle
Lleida,45 years,females,3231.0,middle
Lleida,45 years,total,6899.0,middle
Lleida,46 years,males,3651.0,middle
Lleida,46 years,females,3234.0,middle
Lleida,46 years,total,6885.0,middle
Lleida,47 years,males,3727.0,middle
Lleida,47 years,females,3176.0,middle
Lleida,47 years,total,6903.0,middle
Lleida,48 years,males,3662.0,middle
Lleida,48 years,females,3037.0,middle
Lleida,48 years,total,6699.0,middle
Lleida,49 years,males,3535.0,middle
Lleida,49 years,females,3131.0,middle
Lleida,49 years,total,6666.0,middle
Lleida,50 years,males,3486.0,middle
Lleida,50 years,females,3267.0,middle
Lleida,50 years,total,6753.0,middle
Lleida,51 years,males,3350.0,middle
Lleida,51 years,females,3113.0,middle
Lleida,51 years,total,6463.0,middle
Lleida,52 years,males,3368.0,middle
Lleida,52 years,females,2990.0,middle
Lleida,52 years,total,6358.0,middle
Lleida,53 years,males,3340.0,middle
Lleida,53 years,females,3081.0,middle
Lleida,53 years,total,6421.0,middle
Lleida,54 years,males,3143.0,middle
Lleida,54 years,females,2970.0,middle
Lleida,54 years,total,6113.0,middle
Lleida,55 years,males,3098.0,middle
Lleida,55 years,females,2855.0,middle
Lleida,55 years,total,5953.0,middle
Lleida,56 years,males,2983.0,middle
Lleida,56 years,females,2711.0,middle
Lleida,56 years,total,5694.0,middle
Lleida,57 years,males,2845.0,middle
Lleida,57 years,females,2670.0,middle
Lleida,57 years,total,5515.0,middle
Lleida,58 years,males,2693.0,middle
Lleida,58 years,females,2440.0,middle
Lleida,58 years,total,5133.0,middle
Lleida,59 years,males,2561.0,middle
Lleida,59 years,females,2399.0,middle
Lleida,59 years,total,4960.0,middle
Lleida,60 years,males,2473.0,middle
Lleida,60 years,females,2307.0,middle
Lleida,60 years,total,4780.0,middle
Lleida,61 years,males,2446.0,middle
Lleida,61 years,females,2329.0,middle
Lleida,61 years,total,4775.0,middle
Lleida,62 years,males,2392.0,middle
Lleida,62 years,females,2337.0,middle
Lleida,62 years,total,4729.0,middle
Lleida,63 years,males,2169.0,middle
Lleida,63 years,females,2069.0,middle
Lleida,63 years,total,4238.0,middle
Lleida,64 years,males,2151.0,middle
Lleida,64 years,females,2152.0,middle
Lleida,64 years,total,4303.0,middle
Lleida,65 years,males,2076.0,retired
Lleida,65 years,females,2180.0,retired
Lleida,65 years,total,4256.0,retired
Lleida,66 years,males,2152.0,retired
Lleida,66 years,females,2288.0,retired
Lleida,66 years,total,4440.0,retired
Lleida,67 years,males,1956.0,retired
Lleida,67 years,females,2088.0,retired
Lleida,67 years,total,4044.0,retired
Lleida,68 years,males,1864.0,retired
Lleida,68 years,females,1993.0,retired
Lleida,68 years,total,3857.0,retired
Lleida,69 years,males,1834.0,retired
Lleida,69 years,females,2014.0,retired
Lleida,69 years,total,3848.0,retired
Lleida,70 years,males,1815.0,retired
Lleida,70 years,females,1952.0,retired
Lleida,70 years,total,3767.0,retired
Lleida,71 years,males,1676.0,retired
Lleida,71 years,females,1898.0,retired
Lleida,71 years,total,3574.0,retired
Lleida,72 years,males,1542.0,retired
Lleida,72 years,females,1705.0,retired
Lleida,72 years,total,3247.0,retired
Lleida,73 years,males,1360.0,retired
Lleida,73 years,females,1639.0,retired
Lleida,73 years,total,2999.0,retired
Lleida,74 years,males,1521.0,retired
Lleida,74 years,females,1896.0,retired
Lleida,74 years,total,3417.0,retired
Lleida,75 years,males,824.0,retired
Lleida,75 years,females,994.0,retired
Lleida,75 years,total,1818.0,retired
Lleida,76 years,males,1104.0,retired
Lleida,76 years,females,1402.0,retired
Lleida,76 years,total,2506.0,retired
Lleida,77 years,males,1334.0,retired
Lleida,77 years,females,1643.0,retired
Lleida,77 years,total,2977.0,retired
Lleida,78 years,males,1481.0,retired
Lleida,78 years,females,1912.0,retired
Lleida,78 years,total,3393.0,retired
Lleida,79 years,males,1344.0,retired
Lleida,79 years,females,1784.0,retired
Lleida,79 years,total,3128.0,retired
Lleida,80 years,males,1363.0,retired
Lleida,80 years,females,1894.0,retired
Lleida,80 years,total,3257.0,retired
Lleida,81 years,males,1311.0,retired
Lleida,81 years,females,1825.0,retired
Lleida,81 years,total,3136.0,retired
Lleida,82 years,males,1247.0,retired
Lleida,82 years,females,1737.0,retired
Lleida,82 years,total,2984.0,retired
Lleida,83 years,males,1154.0,retired
Lleida,83 years,females,1596.0,retired
Lleida,83 years,total,2750.0,retired
Lleida,84 years,males,1137.0,retired
Lleida,84 years,females,1601.0,retired
Lleida,84 years,total,2738.0,retired
Lleida,85 years,males,1002.0,retired
Lleida,85 years,females,1412.0,retired
Lleida,85 years,total,2414.0,retired
Lleida,86 years,males,827.0,retired
Lleida,86 years,females,1410.0,retired
Lleida,86 years,total,2237.0,retired
Lleida,87 years,males,741.0,retired
Lleida,87 years,females,1184.0,retired
Lleida,87 years,total,1925.0,retired
Lleida,88 years,males,653.0,retired
Lleida,88 years,females,1110.0,retired
Lleida,88 years,total,1763.0,retired
Lleida,89 years,males,551.0,retired
Lleida,89 years,females,926.0,retired
Lleida,89 years,total,1477.0,retired
Lleida,90 years,males,436.0,retired
Lleida,90 years,females,844.0,retired
Lleida,90 years,total,1280.0,retired
Lleida,91 years,males,351.0,retired
Lleida,91 years,females,676.0,retired
Lleida,91 years,total,1027.0,retired
Lleida,92 years,males,320.0,retired
Lleida,92 years,females,595.0,retired
Lleida,92 years,total,915.0,retired
Lleida,93 years,males,196.0,retired
Lleida,93 years,females,431.0,retired
Lleida,93 years,total,627.0,retired
Lleida,94 years,males,152.0,retired
Lleida,94 years,females,342.0,retired
Lleida,94 years,total,494.0,retired
Lleida,95 years,males,96.0,retired
Lleida,95 years,females,251.0,retired
Lleida,95 years,total,347.0,retired
Lleida,96 years,males,53.0,retired
Lleida,96 years,females,184.0,retired
Lleida,96 years,total,237.0,retired
Lleida,97 years,males,36.0,retired
Lleida,97 years,females,130.0,retired
Lleida,97 years,total,166.0,retired
Lleida,98 years,males,17.0,retired
Lleida,98 years,females,96.0,retired
Lleida,98 years,total,113.0,retired
Lleida,99 years,males,19.0,retired
Lleida,99 years,females,73.0,retired
Lleida,99 years,total,92.0,retired
Lleida,100 years and over,males,30.0,retired
Lleida,100 years and over,females,108.0,retired
Lleida,100 years and over,total,138.0,retired
Lleida,total,males,220719.0,middle
Lleida,total,females,215310.0,middle
Lleida,total,total,436029.0,middle
Tarragona,0 years,males,3823.0,underage
Tarragona,0 years,females,3564.0,underage
Tarragona,0 years,total,7387.0,underage
Tarragona,1 year,males,4000.0,underage
Tarragona,1 year,females,3628.0,underage
Tarragona,1 year,total,7628.0,underage
Tarragona,2 years,males,4245.0,underage
Tarragona,2 years,females,4035.0,underage
Tarragona,2 years,total,8280.0,underage
Tarragona,3 years,males,4584.0,underage
Tarragona,3 years,females,4274.0,underage
Tarragona,3 years,total,8858.0,underage
Tarragona,4 years,males,4800.0,underage
Tarragona,4 years,females,4473.0,underage
Tarragona,4 years,total,9273.0,underage
Tarragona,5 years,males,4824.0,underage
Tarragona,5 years,females,4541.0,underage
Tarragona,5 years,total,9365.0,underage
Tarragona,6 years,males,5098.0,underage
Tarragona,6 years,females,4758.0,underage
Tarragona,6 years,total,9856.0,underage
Tarragona,7 years,males,4827.0,underage
Tarragona,7 years,females,4584.0,underage
Tarragona,7 years,total,9411.0,underage
Tarragona,8 years,males,4815.0,underage
Tarragona,8 years,females,4462.0,underage
Tarragona,8 years,total,9277.0,underage
Tarragona,9 years,males,4705.0,underage
Tarragona,9 years,females,4365.0,underage
Tarragona,9 years,total,9070.0,underage
Tarragona,10 years,males,4535.0,underage
Tarragona,10 years,females,4310.0,underage
Tarragona,10 years,total,8845.0,underage
Tarragona,11 years,males,4397.0,underage
Tarragona,11 years,females,4075.0,underage
Tarragona,11 years,total,8472.0,underage
Tarragona,12 years,males,4201.0,underage
Tarragona,12 years,females,4018.0,underage
Tarragona,12 years,total,8219.0,underage
Tarragona,13 years,males,4032.0,underage
Tarragona,13 years,females,3813.0,underage
Tarragona,13 years,total,7845.0,underage
Tarragona,14 years,males,4137.0,underage
Tarragona,14 years,females,3989.0,underage
Tarragona,14 years,total,8126.0,underage
Tarragona,15 years,males,3946.0,underage
Tarragona,15 years,females,3769.0,underage
Tarragona,15 years,total,7715.0,underage
Tarragona,16 years,males,3887.0,underage
Tarragona,16 years,females,3626.0,underage
Tarragona,16 years,total,7513.0,underage
Tarragona,17 years,males,3816.0,underage
Tarragona,17 years,females,3695.0,underage
Tarragona,17 years,total,7511.0,underage
Tarragona,18 years,males,3814.0,young
Tarragona,18 years,females,3549.0,young
Tarragona,18 years,total,7363.0,young
Tarragona,19 years,males,3749.0,young
Tarragona,19 years,females,3647.0,young
Tarragona,19 years,total,7396.0,young
Tarragona,20 years,males,3796.0,young
Tarragona,20 years,females,3702.0,young
Tarragona,20 years,total,7498.0,young
Tarragona,21 years,males,3837.0,young
Tarragona,21 years,females,3642.0,young
Tarragona,21 years,total,7479.0,young
Tarragona,22 years,males,4059.0,young
Tarragona,22 years,females,3877.0,young
Tarragona,22 years,total,7936.0,young
Tarragona,23 years,males,3987.0,young
Tarragona,23 years,females,3758.0,young
Tarragona,23 years,total,7745.0,young
Tarragona,24 years,males,3939.0,young
Tarragona,24 years,females,3987.0,young
Tarragona,24 years,total,7926.0,young
Tarragona,25 years,males,4028.0,young
Tarragona,25 years,females,3996.0,young
Tarragona,25 years,total,8024.0,young
Tarragona,26 years,males,4283.0,young
Tarragona,26 years,females,4441.0,young
Tarragona,26 years,total,8724.0,young
Tarragona,27 years,males,4335.0,young
Tarragona,27 years,females,4404.0,young
Tarragona,27 years,total,8739.0,young
Tarragona,28 years,males,4388.0,young
Tarragona,28 years,females,4596.0,young
Tarragona,28 years,total,8984.0,young
Tarragona,29 years,males,4790.0,young
Tarragona,29 years,females,4875.0,young
Tarragona,29 years,total,9665.0,young
Tarragona,30 years,males,4989.0,young
Tarragona,30 years,females,5085.0,young
Tarragona,30 years,total,10074.0,young
Tarragona,31 years,males,5238.0,middle
Tarragona,31 years,females,5249.0,middle
Tarragona,31 years,total,10487.0,middle
Tarragona,32 years,males,5824.0,middle
Tarragona,32 years,females,5621.0,middle
Tarragona,32 years,total,11445.0,middle
Tarragona,33 years,males,6174.0,middle
Tarragona,33 years,females,5831.0,middle
Tarragona,33 years,total,12005.0,middle
Tarragona,34 years,males,6655.0,middle
Tarragona,34 years,females,6366.0,middle
Tarragona,34 years,total,13021.0,middle
Tarragona,35 years,males,6963.0,middle
Tarragona,35 years,females,6416.0,middle
Tarragona,35 years,total,13379.0,middle
Tarragona,36 years,males,7367.0,middle
Tarragona,36 years,females,6776.0,middle
Tarragona,36 years,total,14143.0,middle
Tarragona,37 years,males,7630.0,middle
Tarragona,37 years,females,6863.0,middle
Tarragona,37 years,total,14493.0,middle
Tarragona,38 years,males,7492.0,middle
Tarragona,38 years,females,7051.0,middle
Tarragona,38 years,total,14543.0,middle
Tarragona,39 years,males,7513.0,middle
Tarragona,39 years,females,6779.0,middle
Tarragona,39 years,total,14292.0,middle
Tarragona,40 years,males,7323.0,middle
Tarragona,40 years,females,6663.0,middle
Tarragona,40 years,total,13986.0,middle
Tarragona,41 years,males,7028.0,middle
Tarragona,41 years,females,6468.0,middle
Tarragona,41 years,total,13496.0,middle
Tarragona,42 years,males,7212.0,middle
Tarragona,42 years,females,6304.0,middle
Tarragona,42 years,total,13516.0,middle
Tarragona,43 years,males,6823.0,middle
Tarragona,43 years,females,6157.0,middle
Tarragona,43 years,total,12980.0,middle
Tarragona,44 years,males,6749.0,middle
Tarragona,44 years,females,6004.0,middle
Tarragona,44 years,total,12753.0,middle
Tarragona,45 years,males,6548.0,middle
Tarragona,45 years,females,6087.0,middle
Tarragona,45 years,total,12635.0,middle
Tarragona,46 years,males,6508.0,middle
Tarragona,46 years,females,5841.0,middle
Tarragona,46 years,total,12349.0,middle
Tarragona,47 years,males,6387.0,middle
Tarragona,47 years,females,6080.0,middle
Tarragona,47 years,total,12467.0,middle
Tarragona,48 years,males,6274.0,middle
Tarragona,48 years,females,5821.0,middle
Tarragona,48 years,total,12095.0,middle
Tarragona,49 years,males,6033.0,middle
Tarragona,49 years,females,5692.0,middle
Tarragona,49 years,total,11725.0,middle
Tarragona,50 years,males,6081.0,middle
Tarragona,50 years,females,5741.0,middle
Tarragona,50 years,total,11822.0,middle
Tarragona,51 years,males,5666.0,middle
Tarragona,51 years,females,5362.0,middle
Tarragona,51 years,total,11028.0,middle
Tarragona,52 years,males,5576.0,middle
Tarragona,52 years,females,5545.0,middle
Tarragona,52 years,total,11121.0,middle
Tarragona,53 years,males,5333.0,middle
Tarragona,53 years,females,5442.0,middle
Tarragona,53 years,total,10775.0,middle
Tarragona,54 years,males,5417.0,middle
Tarragona,54 years,females,5335.0,middle
Tarragona,54 years,total,10752.0,middle
Tarragona,55 years,males,5201.0,middle
Tarragona,55 years,females,5228.0,middle
Tarragona,55 years,total,10429.0,middle
Tarragona,56 years,males,5146.0,middle
Tarragona,56 years,females,5035.0,middle
Tarragona,56 years,total,10181.0,middle
Tarragona,57 years,males,5133.0,middle
Tarragona,57 years,females,4899.0,middle
Tarragona,57 years,total,10032.0,middle
Tarragona,58 years,males,4521.0,middle
Tarragona,58 years,females,4716.0,middle
Tarragona,58 years,total,9237.0,middle
Tarragona,59 years,males,4650.0,middle
Tarragona,59 years,females,4692.0,middle
Tarragona,59 years,total,9342.0,middle
Tarragona,60 years,males,4348.0,middle
Tarragona,60 years,females,4595.0,middle
Tarragona,60 years,total,8943.0,middle
Tarragona,61 years,males,4458.0,middle
Tarragona,61 years,females,4411.0,middle
Tarragona,61 years,total,8869.0,middle
Tarragona,62 years,males,4426.0,middle
Tarragona,62 years,females,4479.0,middle
Tarragona,62 years,total,8905.0,middle
Tarragona,63 years,males,4092.0,middle
Tarragona,63 years,females,4294.0,middle
Tarragona,63 years,total,8386.0,middle
Tarragona,64 years,males,3964.0,middle
Tarragona,64 years,females,3989.0,middle
Tarragona,64 years,total,7953.0,middle
Tarragona,65 years,males,4164.0,retired
Tarragona,65 years,females,4288.0,retired
Tarragona,65 years,total,8452.0,retired
Tarragona,66 years,males,4278.0,retired
Tarragona,66 years,females,4414.0,retired
Tarragona,66 years,total,8692.0,retired
Tarragona,67 years,males,4016.0,retired
Tarragona,67 years,females,4153.0,retired
Tarragona,67 years,total,8169.0,retired
Tarragona,68 years,males,3760.0,retired
Tarragona,68 years,females,3863.0,retired
Tarragona,68 years,total,7623.0,retired
Tarragona,69 years,males,3654.0,retired
Tarragona,69 years,females,3976.0,retired
Tarragona,69 years,total,7630.0,retired
Tarragona,70 years,males,3405.0,retired
Tarragona,70 years,females,3680.0,retired
Tarragona,70 years,total,7085.0,retired
Tarragona,71 years,males,3342.0,retired
Tarragona,71 years,females,3595.0,retired
Tarragona,71 years,total,6937.0,retired
Tarragona,72 years,males,2819.0,retired
Tarragona,72 years,females,3059.0,retired
Tarragona,72 years,total,5878.0,retired
Tarragona,73 years,males,2705.0,retired
Tarragona,73 years,females,2866.0,retired
Tarragona,73 years,total,5571.0,retired
Tarragona,74 years,males,3332.0,retired
Tarragona,74 years,females,3585.0,retired
Tarragona,74 years,total,6917.0,retired
Tarragona,75 years,males,1708.0,retired
Tarragona,75 years,females,1872.0,retired
Tarragona,75 years,total,3580.0,retired
Tarragona,76 years,males,2072.0,retired
Tarragona,76 years,females,2378.0,retired
Tarragona,76 years,total,4450.0,retired
Tarragona,77 years,males,2454.0,retired
Tarragona,77 years,females,2930.0,retired
Tarragona,77 years,total,5384.0,retired
Tarragona,78 years,males,2485.0,retired
Tarragona,78 years,females,3079.0,retired
Tarragona,78 years,total,5564.0,retired
Tarragona,79 years,males,2323.0,retired
Tarragona,79 years,females,2913.0,retired
Tarragona,79 years,total,5236.0,retired
Tarragona,80 years,males,2146.0,retired
Tarragona,80 years,females,2764.0,retired
Tarragona,80 years,total,4910.0,retired
Tarragona,81 years,males,2020.0,retired
Tarragona,81 years,females,2770.0,retired
Tarragona,81 years,total,4790.0,retired
Tarragona,82 years,males,1897.0,retired
Tarragona,82 years,females,2612.0,retired
Tarragona,82 years,total,4509.0,retired
Tarragona,83 years,males,1675.0,retired
Tarragona,83 years,females,2547.0,retired
Tarragona,83 years,total,4222.0,retired
Tarragona,84 years,males,1526.0,retired
Tarragona,84 years,females,2458.0,retired
Tarragona,84 years,total,3984.0,retired
Tarragona,85 years,males,1391.0,retired
Tarragona,85 years,females,2184.0,retired
Tarragona,85 years,total,3575.0,retired
Tarragona,86 years,males,1231.0,retired
Tarragona,86 years,females,2016.0,retired
Tarragona,86 years,total,3247.0,retired
Tarragona,87 years,males,1025.0,retired
Tarragona,87 years,females,1712.0,retired
Tarragona,87 years,total,2737.0,retired
Tarragona,88 years,males,873.0,retired
Tarragona,88 years,females,1620.0,retired
Tarragona,88 years,total,2493.0,retired
Tarragona,89 years,males,699.0,retired
Tarragona,89 years,females,1335.0,retired
Tarragona,89 years,total,2034.0,retired
Tarragona,90 years,males,573.0,retired
Tarragona,90 years,females,1280.0,retired
Tarragona,90 years,total,1853.0,retired
Tarragona,91 years,males,501.0,retired
Tarragona,91 years,females,952.0,retired
Tarragona,91 years,total,1453.0,retired
Tarragona,92 years,males,379.0,retired
Tarragona,92 years,females,809.0,retired
Tarragona,92 years,total,1188.0,retired
Tarragona,93 years,males,268.0,retired
Tarragona,93 years,females,642.0,retired
Tarragona,93 years,total,910.0,retired
Tarragona,94 years,males,209.0,retired
Tarragona,94 years,females,505.0,retired
Tarragona,94 years,total,714.0,retired
Tarragona,95 years,males,120.0,retired
Tarragona,95 years,females,330.0,retired
Tarragona,95 years,total,450.0,retired
Tarragona,96 years,males,101.0,retired
Tarragona,96 years,females,268.0,retired
Tarragona,96 years,total,369.0,retired
Tarragona,97 years,males,50.0,retired
Tarragona,97 years,females,180.0,retired
Tarragona,97 years,total,230.0,retired
Tarragona,98 years,males,45.0,retired
Tarragona,98 years,females,115.0,retired
Tarragona,98 years,total,160.0,retired
Tarragona,99 years,males,24.0,retired
Tarragona,99 years,females,81.0,retired
Tarragona,99 years,total,105.0,retired
Tarragona,100 years and over,males,41.0,retired
Tarragona,100 years and over,females,170.0,retired
Tarragona,100 years and over,total,211.0,retired
Tarragona,total,males,397730.0,middle
Tarragona,total,females,397371.0,middle
Tarragona,total,total,795101.0,middle
Catalunya,0 years,males,36215.0,underage
Catalunya,0 years,females,33736.0,underage
Catalunya,0 years,total,69951.0,underage
Catalunya,1 year,males,36998.0,underage
Catalunya,1 year,females,35120.0,underage
Catalunya,1 year,total,72118.0,underage
Catalunya,2 years,males,39518.0,underage
Catalunya,2 years,females,37368.0,underage
Catalunya,2 years,total,76886.0,underage
Catalunya,3 years,males,41410.0,underage
Catalunya,3 years,females,39205.0,underage
Catalunya,3 years,total,80615.0,underage
Catalunya,4 years,males,42913.0,underage
Catalunya,4 years,females,40024.0,underage
Catalunya,4 years,total,82937.0,underage
Catalunya,5 years,males,43468.0,underage
Catalunya,5 years,females,40364.0,underage
Catalunya,5 years,total,83832.0,underage
Catalunya,6 years,males,45072.0,underage
Catalunya,6 years,females,42640.0,underage
Catalunya,6 years,total,87712.0,underage
Catalunya,7 years,males,43176.0,underage
Catalunya,7 years,females,40568.0,underage
Catalunya,7 years,total,83744.0,underage
Catalunya,8 years,males,42830.0,underage
Catalunya,8 years,females,40431.0,underage
Catalunya,8 years,total,83261.0,underage
Catalunya,9 years,males,42078.0,underage
Catalunya,9 years,females,39628.0,underage
Catalunya,9 years,total,81706.0,underage
Catalunya,10 years,males,41136.0,underage
Catalunya,10 years,females,39338.0,underage
Catalunya,10 years,total,80474.0,underage
Catalunya,11 years,males,40210.0,underage
Catalunya,11 years,females,37766.0,underage
Catalunya,11 years,total,77976.0,underage
Catalunya,12 years,males,38444.0,underage
Catalunya,12 years,females,36259.0,underage
Catalunya,12 years,total,74703.0,underage
Catalunya,13 years,males,37452.0,underage
Catalunya,13 years,females,35639.0,underage
Catalunya,13 years,total,73091.0,underage
Catalunya,14 years,males,37801.0,underage
Catalunya,14 years,females,35909.0,underage
Catalunya,14 years,total,73710.0,underage
Catalunya,15 years,males,36576.0,underage
Catalunya,15 years,females,34562.0,underage
Catalunya,15 years,total,71138.0,underage
Catalunya,16 years,males,35552.0,underage
Catalunya,16 years,females,32672.0,underage
Catalunya,16 years,total,68224.0,underage
Catalunya,17 years,males,35651.0,underage
Catalunya,17 years,females,33227.0,underage
Catalunya,17 years,total,68878.0,underage
Catalunya,18 years,males,35513.0,young
Catalunya,18 years,females,32330.0,young
Catalunya,18 years,total,67843.0,young
Catalunya,19 years,males,35080.0,young
Catalunya,19 years,females,32860.0,young
Catalunya,19 years,total,67940.0,young
Catalunya,20 years,males,35570.0,young
Catalunya,20 years,females,33539.0,young
Catalunya,20 years,total,69109.0,young
Catalunya,21 years,males,36362.0,young
Catalunya,21 years,females,34520.0,young
Catalunya,21 years,total,70882.0,young
Catalunya,22 years,males,37516.0,young
Catalunya,22 years,females,35899.0,young
Catalunya,22 years,total,73415.0,young
Catalunya,23 years,males,37445.0,young
Catalunya,23 years,females,36264.0,young
Catalunya,23 years,total,73709.0,young
Catalunya,24 years,males,38229.0,young
Catalunya,24 years,females,37452.0,young
Catalunya,24 years,total,75681.0,young
Catalunya,25 years,males,39306.0,young
Catalunya,25 years,females,39222.0,young
Catalunya,25 years,total,78528.0,young
Catalunya,26 years,males,40481.0,young
Catalunya,26 years,females,41241.0,young
Catalunya,26 years,total,81722.0,young
Catalunya,27 years,males,41592.0,young
Catalunya,27 years,females,42216.0,young
Catalunya,27 years,total,83808.0,young
Catalunya,28 years,males,43056.0,young
Catalunya,28 years,females,44490.0,young
Catalunya,28 years,total,87546.0,young
Catalunya,29 years,males,46021.0,young
Catalunya,29 years,females,46620.0,young
Catalunya,29 years,total,92641.0,young
Catalunya,30 years,males,47751.0,young
Catalunya,30 years,females,48810.0,young
Catalunya,30 years,total,96561.0,young
Catalunya,31 years,males,50399.0,middle
Catalunya,31 years,females,50731.0,middle
Catalunya,31 years,total,101130.0,middle
Catalunya,32 years,males,54398.0,middle
Catalunya,32 years,females,54062.0,middle
Catalunya,32 years,total,108460.0,middle
Catalunya,33 years,males,58000.0,middle
Catalunya,33 years,females,56342.0,middle
Catalunya,33 years,total,114342.0,middle
Catalunya,34 years,males,61264.0,middle
Catalunya,34 years,females,59749.0,middle
Catalunya,34 years,total,121013.0,middle
Catalunya,35 years,males,64140.0,middle
Catalunya,35 years,females,61457.0,middle
Catalunya,35 years,total,125597.0,middle
Catalunya,36 years,males,68370.0,middle
Catalunya,36 years,females,64647.0,middle
Catalunya,36 years,total,133017.0,middle
Catalunya,37 years,males,70088.0,middle
Catalunya,37 years,females,65783.0,middle
Catalunya,37 years,total,135871.0,middle
Catalunya,38 years,males,70848.0,middle
Catalunya,38 years,females,66631.0,middle
Catalunya,38 years,total,137479.0,middle
Catalunya,39 years,males,71300.0,middle
Catalunya,39 years,females,66479.0,middle
Catalunya,39 years,total,137779.0,middle
Catalunya,40 years,males,70399.0,middle
Catalunya,40 years,females,65519.0,middle
Catalunya,40 years,total,135918.0,middle
Catalunya,41 years,males,67884.0,middle
Catalunya,41 years,females,63586.0,middle
Catalunya,41 years,total,131470.0,middle
Catalunya,42 years,males,66972.0,middle
Catalunya,42 years,females,62735.0,middle
Catalunya,42 years,total,129707.0,middle
Catalunya,43 years,males,64943.0,middle
Catalunya,43 years,females,60747.0,middle
Catalunya,43 years,total,125690.0,middle
Catalunya,44 years,males,63641.0,middle
Catalunya,44 years,females,59935.0,middle
Catalunya,44 years,total,123576.0,middle
Catalunya,45 years,males,61171.0,middle
Catalunya,45 years,females,58321.0,middle
Catalunya,45 years,total,119492.0,middle
Catalunya,46 years,males,60383.0,middle
Catalunya,46 years,females,57397.0,middle
Catalunya,46 years,total,117780.0,middle
Catalunya,47 years,males,59969.0,middle
Catalunya,47 years,females,57979.0,middle
Catalunya,47 years,total,117948.0,middle
Catalunya,48 years,males,58598.0,middle
Catalunya,48 years,females,56330.0,middle
Catalunya,48 years,total,114928.0,middle
Catalunya,49 years,males,57097.0,middle
Catalunya,49 years,females,55938.0,middle
Catalunya,49 years,total,113035.0,middle
Catalunya,50 years,males,57330.0,middle
Catalunya,50 years,females,56230.0,middle
Catalunya,50 years,total,113560.0,middle
Catalunya,51 years,males,52975.0,middle
Catalunya,51 years,females,53334.0,middle
Catalunya,51 years,total,106309.0,middle
Catalunya,52 years,males,51688.0,middle
Catalunya,52 years,females,51873.0,middle
Catalunya,52 years,total,103561.0,middle
Catalunya,53 years,males,49457.0,middle
Catalunya,53 years,females,50957.0,middle
Catalunya,53 years,total,100414.0,middle
Catalunya,54 years,males,49463.0,middle
Catalunya,54 years,females,50963.0,middle
Catalunya,54 years,total,100426.0,middle
Catalunya,55 years,males,48057.0,middle
Catalunya,55 years,females,50340.0,middle
Catalunya,55 years,total,98397.0,middle
Catalunya,56 years,males,47508.0,middle
Catalunya,56 years,females,49590.0,middle
Catalunya,56 years,total,97098.0,middle
Catalunya,57 years,males,45921.0,middle
Catalunya,57 years,females,48335.0,middle
Catalunya,57 years,total,94256.0,middle
Catalunya,58 years,males,43028.0,middle
Catalunya,58 years,females,45533.0,middle
Catalunya,58 years,total,88561.0,middle
Catalunya,59 years,males,42076.0,middle
Catalunya,59 years,females,44446.0,middle
Catalunya,59 years,total,86522.0,middle
Catalunya,60 years,males,40375.0,middle
Catalunya,60 years,females,43323.0,middle
Catalunya,60 years,total,83698.0,middle
Catalunya,61 years,males,40302.0,middle
Catalunya,61 years,females,42963.0,middle
Catalunya,61 years,total,83265.0,middle
Catalunya,62 years,males,40018.0,middle
Catalunya,62 years,females,43003.0,middle
Catalunya,62 years,total,83021.0,middle
Catalunya,63 years,males,37092.0,middle
Catalunya,63 years,females,40542.0,middle
Catalunya,63 years,total,77634.0,middle
Catalunya,64 years,males,35798.0,middle
Catalunya,64 years,females,39396.0,middle
Catalunya,64 years,total,75194.0,middle
Catalunya,65 years,males,37551.0,retired
Catalunya,65 years,females,41217.0,retired
Catalunya,65 years,total,78768.0,retired
Catalunya,66 years,males,39017.0,retired
Catalunya,66 years,females,43823.0,retired
Catalunya,66 years,total,82840.0,retired
Catalunya,67 years,males,35539.0,retired
Catalunya,67 years,females,39675.0,retired
Catalunya,67 years,total,75214.0,retired
Catalunya,68 years,males,32905.0,retired
Catalunya,68 years,females,37287.0,retired
Catalunya,68 years,total,70192.0,retired
Catalunya,69 years,males,34484.0,retired
Catalunya,69 years,females,39100.0,retired
Catalunya,69 years,total,73584.0,retired
Catalunya,70 years,males,31693.0,retired
Catalunya,70 years,females,36874.0,retired
Catalunya,70 years,total,68567.0,retired
Catalunya,71 years,males,30512.0,retired
Catalunya,71 years,females,35597.0,retired
Catalunya,71 years,total,66109.0,retired
Catalunya,72 years,males,25990.0,retired
Catalunya,72 years,females,30112.0,retired
Catalunya,72 years,total,56102.0,retired
Catalunya,73 years,males,23920.0,retired
Catalunya,73 years,females,28401.0,retired
Catalunya,73 years,total,52321.0,retired
Catalunya,74 years,males,29694.0,retired
Catalunya,74 years,females,34973.0,retired
Catalunya,74 years,total,64667.0,retired
Catalunya,75 years,males,16242.0,retired
Catalunya,75 years,females,19956.0,retired
Catalunya,75 years,total,36198.0,retired
Catalunya,76 years,males,19424.0,retired
Catalunya,76 years,females,24518.0,retired
Catalunya,76 years,total,43942.0,retired
Catalunya,77 years,males,22919.0,retired
Catalunya,77 years,females,29487.0,retired
Catalunya,77 years,total,52406.0,retired
Catalunya,78 years,males,22968.0,retired
Catalunya,78 years,females,31339.0,retired
Catalunya,78 years,total,54307.0,retired
Catalunya,79 years,males,21420.0,retired
Catalunya,79 years,females,29453.0,retired
Catalunya,79 years,total,50873.0,retired
Catalunya,80 years,males,20215.0,retired
Catalunya,80 years,females,28433.0,retired
Catalunya,80 years,total,48648.0,retired
Catalunya,81 years,males,19490.0,retired
Catalunya,81 years,females,28588.0,retired
Catalunya,81 years,total,48078.0,retired
Catalunya,82 years,males,17985.0,retired
Catalunya,82 years,females,27453.0,retired
Catalunya,82 years,total,45438.0,retired
Catalunya,83 years,males,16070.0,retired
Catalunya,83 years,females,25625.0,retired
Catalunya,83 years,total,41695.0,retired
Catalunya,84 years,males,14729.0,retired
Catalunya,84 years,females,24725.0,retired
Catalunya,84 years,total,39454.0,retired
Catalunya,85 years,males,12681.0,retired
Catalunya,85 years,females,21612.0,retired
Catalunya,85 years,total,34293.0,retired
Catalunya,86 years,males,10946.0,retired
Catalunya,86 years,females,20120.0,retired
Catalunya,86 years,total,31066.0,retired
Catalunya,87 years,males,9311.0,retired
Catalunya,87 years,females,17881.0,retired
Catalunya,87 years,total,27192.0,retired
Catalunya,88 years,males,8006.0,retired
Catalunya,88 years,females,16617.0,retired
Catalunya,88 years,total,24623.0,retired
Catalunya,89 years,males,6541.0,retired
Catalunya,89 years,females,14054.0,retired
Catalunya,89 years,total,20595.0,retired
Catalunya,90 years,males,5376.0,retired
Catalunya,90 years,females,12250.0,retired
Catalunya,90 years,total,17626.0,retired
Catalunya,91 years,males,4241.0,retired
Catalunya,91 years,females,10020.0,retired
Catalunya,91 years,total,14261.0,retired
Catalunya,92 years,males,3298.0,retired
Catalunya,92 years,females,8619.0,retired
Catalunya,92 years,total,11917.0,retired
Catalunya,93 years,males,2395.0,retired
Catalunya,93 years,females,6491.0,retired
Catalunya,93 years,total,8886.0,retired
Catalunya,94 years,males,1661.0,retired
Catalunya,94 years,females,5064.0,retired
Catalunya,94 years,total,6725.0,retired
Catalunya,95 years,males,975.0,retired
Catalunya,95 years,females,3505.0,retired
Catalunya,95 years,total,4480.0,retired
Catalunya,96 years,males,752.0,retired
Catalunya,96 years,females,2595.0,retired
Catalunya,96 years,total,3347.0,retired
Catalunya,97 years,males,487.0,retired
Catalunya,97 years,females,1881.0,retired
Catalunya,97 years,total,2368.0,retired
Catalunya,98 years,males,322.0,retired
Catalunya,98 years,females,1297.0,retired
Catalunya,98 years,total,1619.0,retired
Catalunya,99 years,males,233.0,retired
Catalunya,99 years,females,867.0,retired
Catalunya,99 years,total,1100.0,retired
Catalunya,100 years and over,males,379.0,retired
Catalunya,100 years and over,females,1737.0,retired
Catalunya,100 years and over,total,2116.0,retired
Catalunya,total,males,3691745.0,middle
Catalunya,total,females,3816361.0,middle
Catalunya,total,total,7508106.0,middle
